Institution,Cohort,RBG_total_2025,RTP_2025,HDR_completions_avg_2022_23,Total_enrolments_2023,Is_Go8,rtp_fitted_nonGo8_line,rtp_fitted_Go8_line,ratio_to_nonGo8_line
Australian Catholic University,non-aligned,5272376.0,3054420.0,43.5,32281.0,0.0,3820483.4901624504,5888850.006853665,0.7994851981077723
Bond University,non-aligned,2718945.0,1839820.0,23.5,5717.0,0.0,2060131.3715926043,3175463.177098222,0.8930595521089073
Central Queensland University,RUN,9323483.0,4773010.0,53.0,21909.0,0.0,4657600.347016481,7179172.454500877,1.024778779711627
Charles Darwin University,non-aligned,23248699.0,10392998.0,44.5,13011.0,0.0,3908577.1110056126,6024636.51687048,2.659023400289537
Charles Sturt University,RUN,9824948.0,5538247.0,61.5,34780.0,0.0,5406985.496656128,8334266.241702096,1.024276281751643
Curtin University,ATN,55718160.0,31000387.0,319.0,52137.0,0.0,28184793.53719784,43443721.72843474,1.099897608229281
Deakin University,ATN,59605858.0,32814481.0,328.0,57591.0,0.0,28982394.042225655,44673134.11867119,1.1322212013331685
Edith Cowan University,non-aligned,12746186.0,8413791.0,126.0,29718.0,0.0,11101581.009155754,17111851.306305096,0.757891240271177
Federation University Australia,RUN,4108597.0,2795801.0,40.0,13210.0,0.0,3512204.60118435,5413672.416858548,0.7960245251820547
Flinders University,IRU,43820342.0,21291217.0,140.0,26449.0,0.0,12338988.31908553,19019176.927348647,1.7255237179426992
Griffith University,IRU,49463699.0,29973475.0,346.0,45521.0,0.0,30577790.24438072,47132259.76603676,0.9802367914898045
James Cook University,IRU,23534655.0,13332946.0,123.0,20360.0,0.0,10836474.467360305,16703219.08358014,1.230376728165523
La Trobe University,IRU,38778347.0,22110470.0,251.5,36174.0,0.0,22205088.14655063,34226671.52487571,0.9957388979532006
Macquarie University,non-aligned,54103843.0,33475332.0,504.0,44217.0,0.0,44591332.17299687,68732574.67247975,0.7507138802251713
Monash University,Go8,261366549.0,135257526.0,1000.0,84196.0,1.0,88656859.67727365,136654679.98029163,1.525629562025554
Murdoch University,IRU,20876127.0,12683975.0,151.0,24105.0,0.0,13311499.527530516,20518194.695980076,0.9528584645003604
Queensland University of Technology,non-aligned,55800954.0,33086088.0,401.5,52127.0,0.0,35498443.96386118,54716899.71129534,0.9320433322002211
Royal Melbourne Institute of Technology,ATN,51357282.0,32798728.0,412.0,73327.0,0.0,36429617.197195396,56152199.59300454,0.9003313930656694
Southern Cross University,RUN,10061450.0,5075362.0,64.5,17245.0,0.0,5671550.95391572,8742064.442848135,0.8948807903234824
Swinburne University of Technology,non-aligned,28087335.0,19246854.0,260.5,45327.0,0.0,23002129.00722378,35455221.28563862,0.8367422856360625
The Australian National University,Go8,134666685.0,62363474.0,384.0,24251.0,1.0,33946651.845116414,52324984.90453431,1.8371023535557203
The University of Adelaide,Go8,98048131.0,51817206.0,414.0,30174.0,1.0,36606991.653144255,56425602.5716641,1.4155002544588857
The University of Melbourne,Go8,248154772.0,121170874.0,793.5,72244.0,1.0,70300434.42742342,108360293.88053837,1.7236148679151346
The University of Notre Dame Australia,non-aligned,2703065.0,1727823.0,39.5,11381.0,0.0,3468171.205415168,5345799.8390435055,0.49819426368058023
The University of Queensland,Go8,195177470.0,103800648.0,773.5,55412.0,1.0,68523280.47328955,105621008.89162818,1.5148230978296728
The University of Sydney,Go8,200062494.0,104725797.0,881.5,76088.0,1.0,78121464.87738687,120415541.68816902,1.3405508609492813
The University of Western Australia,Go8,92906334.0,47625285.0,359.0,27081.0,1.0,31730176.451254368,48908534.821201935,1.5009461127064505
University of Canberra,IRU,9583071.0,5405457.0,63.0,17147.0,0.0,5539263.501912724,8538158.06172113,0.9758439904751741
University of New England,RUN,19376328.0,10316412.0,93.0,20123.0,0.0,8186564.632663755,12618678.059284067,1.2601637515739288
University of New South Wales,Go8,213248431.0,109174410.0,806.0,70342.0,1.0,71411224.08920276,110072452.49193552,1.5288130317388995
University of Newcastle,ATN,54465752.0,29122866.0,249.0,34119.0,0.0,21983702.959636725,33885430.90367366,1.3247479759652487
University of South Australia,ATN,32998039.0,17109544.0,169.5,34580.0,0.0,14947558.720754279,23039997.817505695,1.1446380187986058
University of Southern Queensland,RUN,16850361.0,10347440.0,132.5,21282.0,0.0,11676042.881785298,17997320.33431752,0.8862112022680281
University of Tasmania,non-aligned,53578262.0,28627334.0,250.5,31513.0,0.0,22116533.276100714,34090174.049936034,1.294386133785936
University of Technology Sydney,ATN,48273626.0,29772808.0,360.5,47777.0,0.0,31863152.231655836,49113502.183931,0.9343961885359512
University of Wollongong,non-aligned,41842716.0,25039111.0,252.0,34081.0,0.0,22249365.978038482,34294920.87314069,1.1253853716422828
University of the Sunshine Coast,RUN,13448977.0,7120267.0,60.5,17987.0,0.0,5318805.521006768,8198346.625364475,1.338696624999412
Victoria University,non-aligned,9674411.0,5393811.0,94.0,33292.0,0.0,8274857.629281352,12754771.884862818,0.6518312751283477
Western Sydney University,IRU,25475373.0,16317306.0,252.0,46609.0,0.0,22249365.978038482,34294920.87314069,0.7333829654339905
