Year,Series,Value,Index_2020
2020,Domestic HDR commencements,9168.0,100.0
2021,Domestic HDR commencements,8524.0,93.0
2022,Domestic HDR commencements,7455.0,81.3
2023,Domestic HDR commencements,7097.0,77.4
2024,Domestic HDR commencements,7347.0,80.1
2020,Overseas HDR commencements,4938.0,100.0
2021,Overseas HDR commencements,5341.0,108.2
2022,Overseas HDR commencements,6653.0,134.7
2023,Overseas HDR commencements,7006.0,141.9
2024,Overseas HDR commencements,7380.0,149.5
2020,All domestic commencements,449723.0,100.0
2021,All domestic commencements,446701.0,99.3
2022,All domestic commencements,400332.0,89.0
2023,All domestic commencements,396229.0,88.1
2024,All domestic commencements,413410.0,91.9
2020,Domestic HDR completions,6372.0,100.0
2021,Domestic HDR completions,6036.0,94.7
2022,Domestic HDR completions,6544.0,102.7
2023,Domestic HDR completions,6500.0,102.0
2024,Domestic HDR completions,6467.0,101.5
2020,Overseas HDR completions,3987.0,100.0
2021,Overseas HDR completions,3842.0,96.4
2022,Overseas HDR completions,4479.0,112.3
2023,Overseas HDR completions,4893.0,122.7
2024,Overseas HDR completions,4678.0,117.3
