Institution,Year,HDR_completions_Domestic,HDR_completions_Overseas,HDR_commencing_Domestic,HDR_commencing_Overseas,Total_enrolments,RBG_RSP,RBG_RTP,Cohort
Adelaide University,2026,,,,,,64130915.0,66199119.0,Go8
Australian Catholic University,2017,,,,,,3543489.0,3540319.0,non-aligned
Australian Catholic University,2018,,,,,,3424147.0,3770671.0,non-aligned
Australian Catholic University,2019,,,,,,3252940.0,3856906.0,non-aligned
Australian Catholic University,2020,47.0,11.0,33.0,6.0,32346.0,3145918.0,3933890.0,non-aligned
Australian Catholic University,2021,33.0,4.0,59.0,17.0,32737.0,4930485.0,3968872.0,non-aligned
Australian Catholic University,2022,26.0,8.0,44.0,19.0,32500.0,1467740.0,3120749.0,non-aligned
Australian Catholic University,2023,40.0,13.0,63.0,7.0,32281.0,1480499.0,2876087.0,non-aligned
Australian Catholic University,2024,42.0,12.0,40.0,21.0,34793.0,1658508.0,2700110.0,non-aligned
Australian Catholic University,2025,,,,,,2217956.0,3054420.0,non-aligned
Australian Catholic University,2026,,,,,,2614352.0,3446654.0,non-aligned
Avondale University,2020,4.0,,14.0,,1197.0,,,non-aligned
Avondale University,2021,3.0,,4.0,0.0,1264.0,,,non-aligned
Avondale University,2022,1.0,2.0,0.0,,1111.0,,,non-aligned
Avondale University,2023,0.0,,4.0,0.0,1038.0,,,non-aligned
Avondale University,2024,5.0,3.0,6.0,,1106.0,34115.0,95094.0,non-aligned
Avondale University,2025,,,,,,77651.0,164108.0,non-aligned
Avondale University,2026,,,,,,150478.0,256246.0,non-aligned
Batchelor Institute of Indigenous Tertiary Education,2017,,,,,,144426.0,185163.0,non-aligned
Batchelor Institute of Indigenous Tertiary Education,2018,,,,,,139562.0,148107.0,non-aligned
Batchelor Institute of Indigenous Tertiary Education,2019,,,,,,132584.0,127117.0,non-aligned
Batchelor Institute of Indigenous Tertiary Education,2020,2.0,,15.0,,26.0,128222.0,122078.0,non-aligned
Batchelor Institute of Indigenous Tertiary Education,2021,2.0,,4.0,,15.0,295414.0,139526.0,non-aligned
Batchelor Institute of Indigenous Tertiary Education,2022,,,4.0,,18.0,133720.0,209801.0,non-aligned
Batchelor Institute of Indigenous Tertiary Education,2023,3.0,,10.0,,28.0,174423.0,174602.0,non-aligned
Batchelor Institute of Indigenous Tertiary Education,2024,0.0,,2.0,,22.0,273497.0,181933.0,non-aligned
Batchelor Institute of Indigenous Tertiary Education,2025,,,,,,524025.0,323773.0,non-aligned
Batchelor Institute of Indigenous Tertiary Education,2026,,,,,,689789.0,443100.0,non-aligned
Bond University,2017,,,,,,1968131.0,1850761.0,non-aligned
Bond University,2018,,,,,,1901846.0,1892995.0,non-aligned
Bond University,2019,,,,,,1806754.0,1882409.0,non-aligned
Bond University,2020,12.0,7.0,63.0,24.0,5594.0,1747312.0,1879535.0,non-aligned
Bond University,2021,27.0,8.0,34.0,17.0,5171.0,2621800.0,1846509.0,non-aligned
Bond University,2022,24.0,4.0,39.0,17.0,5588.0,922642.0,1544813.0,non-aligned
Bond University,2023,14.0,5.0,26.0,22.0,5717.0,909633.0,1864695.0,non-aligned
Bond University,2024,23.0,18.0,37.0,17.0,5945.0,1018393.0,2244753.0,non-aligned
Bond University,2025,,,,,,879125.0,1839820.0,non-aligned
Bond University,2026,,,,,,1139827.0,2298883.0,non-aligned
Carnegie Mellon University Australia,2020,,,,,95.0,,,Not RBG-funded
Carnegie Mellon University Australia,2021,,,,,202.0,,,Not RBG-funded
Carnegie Mellon University Australia,2022,,,,,129.0,,,Not RBG-funded
Carnegie Mellon University Australia,2023,,,,,13.0,,,Not RBG-funded
Central Queensland University,2017,,,,,,2460360.0,3344697.0,RUN
Central Queensland University,2018,,,,,,2377497.0,3404329.0,RUN
Central Queensland University,2019,,,,,,2447793.0,3600656.0,RUN
Central Queensland University,2020,36.0,9.0,132.0,37.0,25632.0,2637762.0,3670417.0,RUN
Central Queensland University,2021,36.0,9.0,95.0,75.0,22704.0,5848951.0,3679941.0,RUN
Central Queensland University,2022,44.0,18.0,78.0,61.0,21924.0,3186615.0,3688488.0,RUN
Central Queensland University,2023,28.0,16.0,70.0,26.0,21909.0,3583297.0,3840243.0,RUN
Central Queensland University,2024,50.0,23.0,83.0,37.0,22035.0,3649512.0,4260945.0,RUN
Central Queensland University,2025,,,,,,4550473.0,4773010.0,RUN
Central Queensland University,2026,,,,,,4733157.0,4985143.0,RUN
Charles Darwin University,2017,,,,,,9228297.0,6968693.0,non-aligned
Charles Darwin University,2018,,,,,,9899338.0,7267253.0,non-aligned
Charles Darwin University,2019,,,,,,10746727.0,7496422.0,non-aligned
Charles Darwin University,2020,35.0,18.0,49.0,21.0,13801.0,10651336.0,7646784.0,non-aligned
Charles Darwin University,2021,44.0,19.0,58.0,40.0,14654.0,21296809.0,7766524.0,non-aligned
Charles Darwin University,2022,33.0,10.0,69.0,33.0,12956.0,10164121.0,8041855.0,non-aligned
Charles Darwin University,2023,36.0,10.0,74.0,13.0,13011.0,10695167.0,8539898.0,non-aligned
Charles Darwin University,2024,33.0,24.0,88.0,39.0,12774.0,12535658.0,10170682.0,non-aligned
Charles Darwin University,2025,,,,,,12855701.0,10392998.0,non-aligned
Charles Darwin University,2026,,,,,,12248138.0,10023497.0,non-aligned
Charles Sturt University,2017,,,,,,3723693.0,6168180.0,RUN
Charles Sturt University,2018,,,,,,3598282.0,6378816.0,RUN
Charles Sturt University,2019,,,,,,3418368.0,6356780.0,RUN
Charles Sturt University,2020,71.0,12.0,89.0,15.0,43287.0,3305904.0,6278059.0,RUN
Charles Sturt University,2021,41.0,12.0,88.0,6.0,40404.0,6259674.0,5998381.0,RUN
Charles Sturt University,2022,53.0,14.0,81.0,15.0,36632.0,2163952.0,4489624.0,RUN
Charles Sturt University,2023,53.0,3.0,76.0,26.0,34780.0,2504839.0,4642645.0,RUN
Charles Sturt University,2024,46.0,11.0,138.0,55.0,35070.0,3181092.0,4899349.0,RUN
Charles Sturt University,2025,,,,,,4286701.0,5538247.0,RUN
Charles Sturt University,2026,,,,,,4784894.0,5877054.0,RUN
Curtin University,2017,,,,,,18780200.0,25318208.0,ATN
Curtin University,2018,,,,,,19743695.0,25859194.0,ATN
Curtin University,2019,,,,,,20353313.0,26300178.0,ATN
Curtin University,2020,165.0,177.0,239.0,129.0,49956.0,20843454.0,27169347.0,ATN
Curtin University,2021,195.0,136.0,196.0,103.0,50599.0,44273982.0,27825644.0,ATN
Curtin University,2022,176.0,135.0,196.0,161.0,50078.0,20944933.0,29273950.0,ATN
Curtin University,2023,184.0,143.0,226.0,139.0,52137.0,21013797.0,29670302.0,ATN
Curtin University,2024,171.0,149.0,207.0,146.0,56828.0,23721482.0,30736270.0,ATN
Curtin University,2025,,,,,,24717773.0,31000387.0,ATN
Curtin University,2026,,,,,,25109253.0,31256282.0,ATN
Deakin University,2017,,,,,,11291176.0,19018960.0,ATN
Deakin University,2018,,,,,,11699961.0,19598296.0,ATN
Deakin University,2019,,,,,,13026406.0,19751088.0,ATN
Deakin University,2020,140.0,117.0,284.0,207.0,64206.0,14183638.0,19988998.0,ATN
Deakin University,2021,195.0,98.0,277.0,209.0,62886.0,31893142.0,20453826.0,ATN
Deakin University,2022,181.0,136.0,199.0,286.0,57566.0,16293171.0,20839807.0,ATN
Deakin University,2023,169.0,170.0,149.0,276.0,57591.0,18831850.0,23997700.0,ATN
Deakin University,2024,200.0,169.0,219.0,264.0,59455.0,22698305.0,30037103.0,ATN
Deakin University,2025,,,,,,26791377.0,32814481.0,ATN
Deakin University,2026,,,,,,28555035.0,34831005.0,ATN
Edith Cowan University,2017,,,,,,4332769.0,7304450.0,non-aligned
Edith Cowan University,2018,,,,,,4186845.0,7105273.0,non-aligned
Edith Cowan University,2019,,,,,,3977503.0,6773116.0,non-aligned
Edith Cowan University,2020,67.0,48.0,111.0,47.0,30900.0,3846643.0,6747402.0,non-aligned
Edith Cowan University,2021,68.0,35.0,164.0,64.0,29959.0,7399283.0,6679659.0,non-aligned
Edith Cowan University,2022,68.0,56.0,117.0,76.0,28423.0,3458504.0,6411545.0,non-aligned
Edith Cowan University,2023,68.0,60.0,103.0,73.0,29718.0,3701315.0,6580496.0,non-aligned
Edith Cowan University,2024,111.0,44.0,149.0,88.0,30859.0,4083121.0,7021835.0,non-aligned
Edith Cowan University,2025,,,,,,4332395.0,8413791.0,non-aligned
Edith Cowan University,2026,,,,,,4864846.0,8984594.0,non-aligned
Federation University Australia,2017,,,,,,1634565.0,2229434.0,RUN
Federation University Australia,2018,,,,,,1579514.0,2169677.0,RUN
Federation University Australia,2019,,,,,,1500538.0,2124204.0,RUN
Federation University Australia,2020,47.0,6.0,47.0,15.0,16793.0,1451170.0,2196126.0,RUN
Federation University Australia,2021,38.0,11.0,38.0,12.0,13781.0,2580270.0,2273755.0,RUN
Federation University Australia,2022,30.0,10.0,49.0,17.0,13331.0,1060821.0,2572241.0,RUN
Federation University Australia,2023,30.0,10.0,50.0,16.0,13210.0,1182939.0,2974444.0,RUN
Federation University Australia,2024,38.0,15.0,51.0,18.0,12450.0,1314662.0,2971820.0,RUN
Federation University Australia,2025,,,,,,1312796.0,2795801.0,RUN
Federation University Australia,2026,,,,,,1555871.0,3030881.0,RUN
Flinders University,2017,,,,,,12403898.0,15603441.0,IRU
Flinders University,2018,,,,,,12239063.0,15608881.0,IRU
Flinders University,2019,,,,,,11627110.0,15171865.0,IRU
Flinders University,2020,120.0,55.0,158.0,27.0,25944.0,11244578.0,15105973.0,IRU
Flinders University,2021,134.0,43.0,192.0,74.0,25547.0,23074252.0,15336016.0,IRU
Flinders University,2022,125.0,26.0,162.0,72.0,25634.0,11794585.0,15217026.0,IRU
Flinders University,2023,93.0,36.0,158.0,84.0,26449.0,13998751.0,16850703.0,IRU
Flinders University,2024,133.0,33.0,161.0,55.0,24962.0,19232564.0,19713567.0,IRU
Flinders University,2025,,,,,,22529125.0,21291217.0,IRU
Flinders University,2026,,,,,,23315905.0,22314022.0,IRU
Griffith University,2017,,,,,,16515053.0,22303418.0,IRU
Griffith University,2018,,,,,,17281534.0,23169577.0,IRU
Griffith University,2019,,,,,,17191513.0,23905484.0,IRU
Griffith University,2020,217.0,116.0,246.0,96.0,49819.0,16763936.0,24663393.0,IRU
Griffith University,2021,215.0,126.0,276.0,142.0,49303.0,35660253.0,25290058.0,IRU
Griffith University,2022,213.0,117.0,260.0,190.0,46047.0,16316451.0,25154439.0,IRU
Griffith University,2023,201.0,161.0,207.0,258.0,45521.0,16168941.0,26006458.0,IRU
Griffith University,2024,176.0,100.0,181.0,202.0,44683.0,17980765.0,28270010.0,IRU
Griffith University,2025,,,,,,19490224.0,29973475.0,IRU
Griffith University,2026,,,,,,21217050.0,30310506.0,IRU
James Cook University,2017,,,,,,12882181.0,14167548.0,IRU
James Cook University,2018,,,,,,12448320.0,14428018.0,IRU
James Cook University,2019,,,,,,11825904.0,14277427.0,IRU
James Cook University,2020,64.0,62.0,137.0,64.0,19796.0,11436832.0,14143783.0,IRU
James Cook University,2021,72.0,35.0,97.0,77.0,19750.0,20533182.0,13828630.0,IRU
James Cook University,2022,90.0,52.0,88.0,83.0,19319.0,7317967.0,11195924.0,IRU
James Cook University,2023,58.0,46.0,84.0,90.0,20360.0,7198753.0,10432319.0,IRU
James Cook University,2024,61.0,56.0,88.0,108.0,19899.0,8847217.0,12198540.0,IRU
James Cook University,2025,,,,,,10201709.0,13332946.0,IRU
James Cook University,2026,,,,,,10307102.0,12488371.0,IRU
La Trobe University,2017,,,,,,13556996.0,18188206.0,IRU
La Trobe University,2018,,,,,,15060424.0,18381832.0,IRU
La Trobe University,2019,,,,,,15892531.0,18340530.0,IRU
La Trobe University,2020,146.0,57.0,233.0,85.0,37103.0,16413450.0,18931954.0,IRU
La Trobe University,2021,169.0,41.0,220.0,54.0,35222.0,34208263.0,19474602.0,IRU
La Trobe University,2022,187.0,68.0,204.0,92.0,34373.0,15987398.0,18453725.0,IRU
La Trobe University,2023,186.0,62.0,215.0,114.0,36174.0,15368239.0,17964869.0,IRU
La Trobe University,2024,198.0,58.0,163.0,91.0,37459.0,16358152.0,21227058.0,IRU
La Trobe University,2025,,,,,,16667877.0,22110470.0,IRU
La Trobe University,2026,,,,,,17674337.0,21519325.0,IRU
Macquarie University,2017,,,,,,15386742.0,26183178.0,non-aligned
Macquarie University,2018,,,,,,16014727.0,27882585.0,non-aligned
Macquarie University,2019,,,,,,15794885.0,28464054.0,non-aligned
Macquarie University,2020,286.0,178.0,359.0,153.0,44800.0,15810498.0,29620984.0,non-aligned
Macquarie University,2021,347.0,186.0,360.0,259.0,44907.0,35156455.0,30649639.0,non-aligned
Macquarie University,2022,312.0,173.0,310.0,280.0,43889.0,17036142.0,30316330.0,non-aligned
Macquarie University,2023,321.0,202.0,313.0,216.0,44217.0,17199403.0,31331018.0,non-aligned
Macquarie University,2024,300.0,198.0,315.0,231.0,44961.0,18900193.0,32626464.0,non-aligned
Macquarie University,2025,,,,,,20628511.0,33475332.0,non-aligned
Macquarie University,2026,,,,,,23012638.0,35393486.0,non-aligned
Monash University,2017,,,,,,81367573.0,84211508.0,Go8
Monash University,2018,,,,,,83173107.0,87173023.0,Go8
Monash University,2019,,,,,,81856685.0,88128795.0,Go8
Monash University,2020,427.0,389.0,564.0,439.0,86003.0,84941797.0,91723989.0,Go8
Monash University,2021,445.0,432.0,564.0,579.0,87098.0,191601823.0,95438167.0,Go8
Monash University,2022,435.0,526.0,529.0,732.0,82059.0,97239184.0,102424908.0,Go8
Monash University,2023,501.0,538.0,457.0,633.0,84196.0,101809297.0,107450028.0,Go8
Monash University,2024,424.0,469.0,525.0,627.0,93227.0,116166795.0,122798840.0,Go8
Monash University,2025,,,,,,126109023.0,135257526.0,Go8
Monash University,2026,,,,,,122318192.0,129570919.0,Go8
Murdoch University,2017,,,,,,8248390.0,10039304.0,IRU
Murdoch University,2018,,,,,,7970591.0,9848575.0,IRU
Murdoch University,2019,,,,,,7572061.0,9741486.0,IRU
Murdoch University,2020,78.0,37.0,135.0,52.0,25409.0,7322940.0,9976344.0,IRU
Murdoch University,2021,73.0,43.0,115.0,42.0,23317.0,16617117.0,10246001.0,IRU
Murdoch University,2022,109.0,56.0,99.0,64.0,21268.0,7502523.0,9827392.0,IRU
Murdoch University,2023,89.0,48.0,108.0,63.0,24105.0,6382087.0,9700041.0,IRU
Murdoch University,2024,87.0,52.0,100.0,86.0,24781.0,7279457.0,11561091.0,IRU
Murdoch University,2025,,,,,,8192152.0,12683975.0,IRU
Murdoch University,2026,,,,,,8196137.0,12451476.0,IRU
Non-University Higher Education Providers,2020,7.0,1.0,105.0,355.0,117761.0,,,Not RBG-funded
Non-University Higher Education Providers,2021,13.0,27.0,55.0,17.0,110062.0,,,Not RBG-funded
Non-University Higher Education Providers,2022,24.0,43.0,45.0,35.0,107550.0,,,Not RBG-funded
Non-University Higher Education Providers,2023,33.0,23.0,53.0,137.0,130899.0,,,Not RBG-funded
Non-University Higher Education Providers,2024,22.0,8.0,46.0,399.0,153174.0,,,Not RBG-funded
Private Universities and Non-University Higher Education Providers,2020,,0.0,,,8186.0,,,Not RBG-funded
Private Universities and Non-University Higher Education Providers,2021,0.0,,15.0,7.0,7251.0,,,Not RBG-funded
Private Universities and Non-University Higher Education Providers,2022,3.0,,8.0,9.0,7115.0,,,Not RBG-funded
Private Universities and Non-University Higher Education Providers,2023,4.0,,1.0,6.0,7585.0,,,Not RBG-funded
Private Universities and Non-University Higher Education Providers,2024,0.0,0.0,6.0,3.0,9152.0,,,Not RBG-funded
Queensland University of Technology,2017,,,,,,21898265.0,30847741.0,non-aligned
Queensland University of Technology,2018,,,,,,22596657.0,30990812.0,non-aligned
Queensland University of Technology,2019,,,,,,21988706.0,30583173.0,non-aligned
Queensland University of Technology,2020,180.0,101.0,383.0,173.0,52717.0,21570609.0,30903416.0,non-aligned
Queensland University of Technology,2021,244.0,193.0,373.0,245.0,53274.0,42026223.0,30830953.0,non-aligned
Queensland University of Technology,2022,216.0,195.0,281.0,195.0,50084.0,19316131.0,29068532.0,non-aligned
Queensland University of Technology,2023,219.0,173.0,240.0,286.0,52127.0,21093117.0,31692976.0,non-aligned
Queensland University of Technology,2024,226.0,166.0,253.0,257.0,52564.0,22934769.0,33921139.0,non-aligned
Queensland University of Technology,2025,,,,,,22714866.0,33086088.0,non-aligned
Queensland University of Technology,2026,,,,,,23328291.0,34422945.0,non-aligned
Royal Melbourne Institute of Technology,2017,,,,,,13390851.0,21285641.0,ATN
Royal Melbourne Institute of Technology,2018,,,,,,12939858.0,21264947.0,ATN
Royal Melbourne Institute of Technology,2019,,,,,,12292865.0,21145932.0,ATN
Royal Melbourne Institute of Technology,2020,204.0,146.0,299.0,226.0,74604.0,11899488.0,21525865.0,ATN
Royal Melbourne Institute of Technology,2021,163.0,123.0,215.0,214.0,76119.0,25916058.0,22010716.0,ATN
Royal Melbourne Institute of Technology,2022,193.0,184.0,205.0,318.0,72844.0,13354848.0,24817631.0,ATN
Royal Melbourne Institute of Technology,2023,199.0,248.0,196.0,460.0,73327.0,15209851.0,27264714.0,ATN
Royal Melbourne Institute of Technology,2024,206.0,218.0,176.0,387.0,75909.0,18585164.0,30396426.0,ATN
Royal Melbourne Institute of Technology,2025,,,,,,18558554.0,32798728.0,ATN
Royal Melbourne Institute of Technology,2026,,,,,,17313223.0,34068909.0,ATN
Southern Cross University,2017,,,,,,3271909.0,4416941.0,RUN
Southern Cross University,2018,,,,,,3161714.0,4356094.0,RUN
Southern Cross University,2019,,,,,,3003628.0,4241145.0,RUN
Southern Cross University,2020,38.0,6.0,78.0,24.0,19825.0,2904809.0,4204354.0,RUN
Southern Cross University,2021,28.0,31.0,48.0,29.0,18748.0,5964630.0,4119561.0,RUN
Southern Cross University,2022,47.0,9.0,38.0,22.0,17209.0,2826644.0,3326464.0,RUN
Southern Cross University,2023,55.0,18.0,43.0,29.0,17245.0,3008867.0,4129550.0,RUN
Southern Cross University,2024,31.0,22.0,39.0,22.0,18421.0,4074020.0,4997742.0,RUN
Southern Cross University,2025,,,,,,4986088.0,5075362.0,RUN
Southern Cross University,2026,,,,,,5209575.0,5377591.0,RUN
Swinburne University of Technology,2017,,,,,,6807882.0,11637087.0,non-aligned
Swinburne University of Technology,2018,,,,,,6578598.0,11474972.0,non-aligned
Swinburne University of Technology,2019,,,,,,6600469.0,11273569.0,non-aligned
Swinburne University of Technology,2020,97.0,81.0,152.0,222.0,41873.0,7282495.0,11849456.0,non-aligned
Swinburne University of Technology,2021,110.0,111.0,142.0,213.0,41840.0,17513339.0,12706919.0,non-aligned
Swinburne University of Technology,2022,113.0,148.0,106.0,228.0,41183.0,8544644.0,14242555.0,non-aligned
Swinburne University of Technology,2023,82.0,178.0,80.0,149.0,45327.0,9410130.0,15728868.0,non-aligned
Swinburne University of Technology,2024,112.0,182.0,108.0,161.0,45396.0,10636873.0,19342184.0,non-aligned
Swinburne University of Technology,2025,,,,,,8840481.0,19246854.0,non-aligned
Swinburne University of Technology,2026,,,,,,7543350.0,18664138.0,non-aligned
The Australian National University,2017,,,,,,59658169.0,55887941.0,Go8
The Australian National University,2018,,,,,,63101108.0,57139186.0,Go8
The Australian National University,2019,,,,,,65417477.0,57768490.0,Go8
The Australian National University,2020,239.0,118.0,245.0,142.0,24336.0,67057803.0,59083721.0,Go8
The Australian National University,2021,215.0,134.0,260.0,165.0,24676.0,137960149.0,59495907.0,Go8
The Australian National University,2022,255.0,119.0,202.0,193.0,24242.0,61564969.0,53648762.0,Go8
The Australian National University,2023,221.0,173.0,225.0,210.0,24251.0,59255431.0,52476862.0,Go8
The Australian National University,2024,233.0,198.0,181.0,218.0,22939.0,66784824.0,58237230.0,Go8
The Australian National University,2025,,,,,,72303211.0,62363474.0,Go8
The Australian National University,2026,,,,,,72597461.0,64192557.0,Go8
The University of Adelaide,2017,,,,,,42626115.0,46569225.0,Go8
The University of Adelaide,2018,,,,,,41190503.0,46864184.0,Go8
The University of Adelaide,2019,,,,,,39130978.0,46227219.0,Go8
The University of Adelaide,2020,297.0,118.0,340.0,100.0,29453.0,39619864.0,46680414.0,Go8
The University of Adelaide,2021,271.0,129.0,350.0,162.0,30731.0,81891083.0,46850222.0,Go8
The University of Adelaide,2022,305.0,143.0,323.0,228.0,30052.0,40793713.0,46169968.0,Go8
The University of Adelaide,2023,247.0,133.0,308.0,252.0,30174.0,48163400.0,50193228.0,Go8
The University of Adelaide,2024,247.0,88.0,295.0,287.0,30582.0,49591732.0,53241854.0,Go8
The University of Adelaide,2025,,,,,,46230925.0,51817206.0,Go8
The University of Melbourne,2017,,,,,,95494543.0,95762452.0,Go8
The University of Melbourne,2018,,,,,,99177690.0,98127748.0,Go8
The University of Melbourne,2019,,,,,,104591926.0,99880895.0,Go8
The University of Melbourne,2020,559.0,348.0,542.0,299.0,69908.0,106971353.0,103597249.0,Go8
The University of Melbourne,2021,229.0,166.0,613.0,440.0,71092.0,214514060.0,106567611.0,Go8
The University of Melbourne,2022,469.0,275.0,505.0,494.0,70146.0,111118253.0,111813256.0,Go8
The University of Melbourne,2023,501.0,342.0,532.0,543.0,72244.0,119891805.0,114471132.0,Go8
The University of Melbourne,2024,492.0,381.0,480.0,567.0,75572.0,126305288.0,117206808.0,Go8
The University of Melbourne,2025,,,,,,126983898.0,121170874.0,Go8
The University of Melbourne,2026,,,,,,123798137.0,122033532.0,Go8
The University of Notre Dame Australia,2017,,,,,,746323.0,819367.0,non-aligned
The University of Notre Dame Australia,2018,,,,,,721187.0,829351.0,non-aligned
The University of Notre Dame Australia,2019,,,,,,685128.0,862242.0,non-aligned
The University of Notre Dame Australia,2020,57.0,12.0,86.0,6.0,12698.0,662587.0,1052269.0,non-aligned
The University of Notre Dame Australia,2021,16.0,5.0,64.0,3.0,12327.0,1129812.0,1214150.0,non-aligned
The University of Notre Dame Australia,2022,38.0,2.0,71.0,4.0,11804.0,480706.0,1702450.0,non-aligned
The University of Notre Dame Australia,2023,37.0,2.0,56.0,,11381.0,517655.0,2222326.0,non-aligned
The University of Notre Dame Australia,2024,42.0,,49.0,2.0,12006.0,727801.0,2116002.0,non-aligned
The University of Notre Dame Australia,2025,,,,,,975242.0,1727823.0,non-aligned
The University of Notre Dame Australia,2026,,,,,,1078458.0,1863846.0,non-aligned
The University of Queensland,2017,,,,,,89973213.0,94632784.0,Go8
The University of Queensland,2018,,,,,,90585215.0,96436308.0,Go8
The University of Queensland,2019,,,,,,86477868.0,95788078.0,Go8
The University of Queensland,2020,468.0,354.0,564.0,307.0,54989.0,87536099.0,95936204.0,Go8
The University of Queensland,2021,402.0,288.0,616.0,479.0,56151.0,190500856.0,97299757.0,Go8
The University of Queensland,2022,382.0,381.0,524.0,503.0,55063.0,91465589.0,100217285.0,Go8
The University of Queensland,2023,419.0,365.0,448.0,515.0,55412.0,85741600.0,94870189.0,Go8
The University of Queensland,2024,417.0,347.0,505.0,452.0,57239.0,85072108.0,96646012.0,Go8
The University of Queensland,2025,,,,,,91376822.0,103800648.0,Go8
The University of Queensland,2026,,,,,,98793200.0,105759278.0,Go8
The University of Sydney,2017,,,,,,87161024.0,97465365.0,Go8
The University of Sydney,2018,,,,,,88047781.0,97508015.0,Go8
The University of Sydney,2019,,,,,,84034177.0,95918046.0,Go8
The University of Sydney,2020,572.0,168.0,718.0,257.0,72596.0,84957930.0,93517054.0,Go8
The University of Sydney,2021,392.0,132.0,793.0,331.0,77475.0,182577301.0,91933059.0,Go8
The University of Sydney,2022,583.0,231.0,601.0,393.0,76973.0,88217569.0,90173615.0,Go8
The University of Sydney,2023,671.0,278.0,572.0,443.0,76088.0,96420106.0,95933704.0,Go8
The University of Sydney,2024,598.0,259.0,605.0,557.0,78882.0,99478292.0,102046959.0,Go8
The University of Sydney,2025,,,,,,95336697.0,104725797.0,Go8
The University of Sydney,2026,,,,,,103070321.0,109518380.0,Go8
The University of Western Australia,2017,,,,,,47100394.0,47829133.0,Go8
The University of Western Australia,2018,,,,,,46014991.0,48456942.0,Go8
The University of Western Australia,2019,,,,,,43714242.0,47405537.0,Go8
The University of Western Australia,2020,202.0,112.0,249.0,142.0,24417.0,42276043.0,46593725.0,Go8
The University of Western Australia,2021,197.0,115.0,296.0,105.0,26681.0,86414984.0,46116371.0,Go8
The University of Western Australia,2022,184.0,149.0,204.0,159.0,26363.0,42820477.0,42513528.0,Go8
The University of Western Australia,2023,226.0,159.0,200.0,152.0,27081.0,42982499.0,42064772.0,Go8
The University of Western Australia,2024,221.0,111.0,220.0,208.0,29569.0,45249047.0,43932830.0,Go8
The University of Western Australia,2025,,,,,,45281049.0,47625285.0,Go8
The University of Western Australia,2026,,,,,,45734581.0,48060696.0,Go8
Torrens University Australia,2017,,,,,,11570.0,38872.0,non-aligned
Torrens University Australia,2018,,,,,,65054.0,45776.0,non-aligned
Torrens University Australia,2019,,,,,,158799.0,69046.0,non-aligned
Torrens University Australia,2020,2.0,,16.0,22.0,23269.0,191603.0,101887.0,non-aligned
Torrens University Australia,2021,0.0,3.0,2.0,,23456.0,419459.0,130751.0,non-aligned
Torrens University Australia,2022,10.0,7.0,20.0,49.0,24698.0,209439.0,193670.0,non-aligned
Torrens University Australia,2023,0.0,0.0,10.0,24.0,24833.0,227902.0,208714.0,non-aligned
Torrens University Australia,2024,7.0,8.0,23.0,34.0,25445.0,266053.0,387107.0,non-aligned
Torrens University Australia,2025,,,,,,297270.0,381745.0,non-aligned
Torrens University Australia,2026,,,,,,279001.0,400203.0,non-aligned
University of Canberra,2017,,,,,,4147175.0,5145247.0,IRU
University of Canberra,2018,,,,,,4007502.0,5140501.0,IRU
University of Canberra,2019,,,,,,3807127.0,5031575.0,IRU
University of Canberra,2020,36.0,16.0,71.0,48.0,16323.0,3681873.0,5022127.0,IRU
University of Canberra,2021,43.0,21.0,75.0,49.0,16356.0,8188805.0,5118839.0,IRU
University of Canberra,2022,44.0,17.0,62.0,44.0,16849.0,4076672.0,4366091.0,IRU
University of Canberra,2023,38.0,27.0,75.0,53.0,17147.0,3350252.0,4001021.0,IRU
University of Canberra,2024,33.0,26.0,44.0,32.0,16753.0,3653438.0,4673318.0,IRU
University of Canberra,2025,,,,,,4177614.0,5405457.0,IRU
University of Canberra,2026,,,,,,4582969.0,5824045.0,IRU
University of Divinity,2017,,,,,,580418.0,934113.0,non-aligned
University of Divinity,2018,,,,,,665961.0,909458.0,non-aligned
University of Divinity,2019,,,,,,671583.0,888184.0,non-aligned
University of Divinity,2020,9.0,,16.0,0.0,1468.0,649488.0,831669.0,non-aligned
University of Divinity,2021,13.0,0.0,5.0,3.0,1403.0,1187746.0,819980.0,non-aligned
University of Divinity,2022,9.0,,15.0,3.0,1387.0,468926.0,636254.0,non-aligned
University of Divinity,2023,13.0,,12.0,2.0,1282.0,460093.0,513984.0,non-aligned
University of Divinity,2024,13.0,2.0,14.0,3.0,1245.0,497673.0,673016.0,non-aligned
University of Divinity,2025,,,,,,461026.0,588054.0,non-aligned
University of Divinity,2026,,,,,,422393.0,570943.0,non-aligned
University of New England,2017,,,,,,7425039.0,8913576.0,RUN
University of New England,2018,,,,,,7272094.0,9072274.0,RUN
University of New England,2019,,,,,,7363977.0,9093954.0,RUN
University of New England,2020,60.0,39.0,84.0,27.0,24862.0,7547147.0,9114384.0,RUN
University of New England,2021,75.0,59.0,84.0,22.0,23717.0,15640181.0,9083459.0,RUN
University of New England,2022,45.0,42.0,69.0,52.0,21332.0,8147829.0,9261262.0,RUN
University of New England,2023,53.0,46.0,92.0,30.0,20123.0,7978371.0,9929354.0,RUN
University of New England,2024,52.0,18.0,64.0,18.0,19387.0,8303055.0,10271411.0,RUN
University of New England,2025,,,,,,9059916.0,10316412.0,RUN
University of New England,2026,,,,,,9145459.0,9982139.0,RUN
University of New South Wales,2017,,,,,,78445698.0,90616087.0,Go8
University of New South Wales,2018,,,,,,79763515.0,89661819.0,Go8
University of New South Wales,2019,,,,,,82834562.0,88663435.0,Go8
University of New South Wales,2020,347.0,313.0,466.0,393.0,63286.0,86796052.0,91086046.0,Go8
University of New South Wales,2021,441.0,325.0,496.0,414.0,65600.0,192211278.0,94094591.0,Go8
University of New South Wales,2022,405.0,415.0,398.0,430.0,66464.0,97163618.0,96402360.0,Go8
University of New South Wales,2023,384.0,408.0,370.0,529.0,70342.0,98232652.0,97780933.0,Go8
University of New South Wales,2024,397.0,383.0,393.0,692.0,82283.0,99379239.0,105060012.0,Go8
University of New South Wales,2025,,,,,,104074021.0,109174410.0,Go8
University of New South Wales,2026,,,,,,110517912.0,110867696.0,Go8
University of Newcastle,2017,,,,,,21052892.0,23386843.0,ATN
University of Newcastle,2018,,,,,,22159482.0,24081639.0,ATN
University of Newcastle,2019,,,,,,22658494.0,24388898.0,ATN
University of Newcastle,2020,176.0,120.0,252.0,93.0,36929.0,23147160.0,25194502.0,ATN
University of Newcastle,2021,195.0,144.0,221.0,69.0,36777.0,48365335.0,25840587.0,ATN
University of Newcastle,2022,165.0,118.0,226.0,154.0,35203.0,23705205.0,27539140.0,ATN
University of Newcastle,2023,120.0,95.0,199.0,112.0,34119.0,24288287.0,30662349.0,ATN
University of Newcastle,2024,154.0,88.0,173.0,100.0,34874.0,24136894.0,31145614.0,ATN
University of Newcastle,2025,,,,,,25342886.0,29122866.0,ATN
University of Newcastle,2026,,,,,,25084794.0,26668642.0,ATN
University of South Australia,2017,,,,,,15847940.0,19846932.0,ATN
University of South Australia,2018,,,,,,15314195.0,19756278.0,ATN
University of South Australia,2019,,,,,,15997864.0,19633827.0,ATN
University of South Australia,2020,128.0,51.0,164.0,56.0,37867.0,16903308.0,19622443.0,ATN
University of South Australia,2021,127.0,43.0,164.0,45.0,37782.0,34821818.0,19005310.0,ATN
University of South Australia,2022,127.0,29.0,152.0,113.0,36103.0,16033125.0,15858732.0,ATN
University of South Australia,2023,128.0,55.0,162.0,102.0,34580.0,16230114.0,16956684.0,ATN
University of South Australia,2024,128.0,59.0,154.0,47.0,33974.0,16576822.0,17306833.0,ATN
University of South Australia,2025,,,,,,15888495.0,17109544.0,ATN
University of Southern Queensland,2017,,,,,,3068354.0,5244951.0,RUN
University of Southern Queensland,2018,,,,,,3282131.0,5294434.0,RUN
University of Southern Queensland,2019,,,,,,3307018.0,5309944.0,RUN
University of Southern Queensland,2020,86.0,28.0,190.0,51.0,25568.0,3705175.0,5569228.0,RUN
University of Southern Queensland,2021,99.0,44.0,202.0,48.0,24720.0,9431967.0,6030159.0,RUN
University of Southern Queensland,2022,106.0,33.0,94.0,64.0,22392.0,4439353.0,7807530.0,RUN
University of Southern Queensland,2023,90.0,36.0,124.0,76.0,21282.0,4496694.0,8665604.0,RUN
University of Southern Queensland,2024,87.0,46.0,148.0,67.0,20572.0,5966075.0,10225314.0,RUN
University of Southern Queensland,2025,,,,,,6502921.0,10347440.0,RUN
University of Southern Queensland,2026,,,,,,6402347.0,10154710.0,RUN
University of Tasmania,2017,,,,,,22219593.0,24257491.0,non-aligned
University of Tasmania,2018,,,,,,23437114.0,24642801.0,non-aligned
University of Tasmania,2019,,,,,,22704511.0,24664377.0,non-aligned
University of Tasmania,2020,115.0,109.0,159.0,94.0,41896.0,21957533.0,25009391.0,non-aligned
University of Tasmania,2021,117.0,106.0,108.0,75.0,36349.0,42895827.0,25397277.0,non-aligned
University of Tasmania,2022,142.0,105.0,121.0,132.0,33536.0,19931136.0,25859741.0,non-aligned
University of Tasmania,2023,133.0,121.0,87.0,137.0,31513.0,22793527.0,26684857.0,non-aligned
University of Tasmania,2024,128.0,126.0,98.0,110.0,32100.0,23844600.0,27645641.0,non-aligned
University of Tasmania,2025,,,,,,24950928.0,28627334.0,non-aligned
University of Tasmania,2026,,,,,,25338770.0,28782936.0,non-aligned
University of Technology Sydney,2017,,,,,,11657496.0,16689029.0,ATN
University of Technology Sydney,2018,,,,,,12496009.0,17081143.0,ATN
University of Technology Sydney,2019,,,,,,13263380.0,17385148.0,ATN
University of Technology Sydney,2020,160.0,154.0,344.0,211.0,46248.0,14408099.0,18602644.0,ATN
University of Technology Sydney,2021,73.0,124.0,59.0,115.0,43208.0,34008775.0,20195726.0,ATN
University of Technology Sydney,2022,199.0,167.0,218.0,238.0,44719.0,16601301.0,25973884.0,ATN
University of Technology Sydney,2023,151.0,204.0,212.0,306.0,47777.0,15908194.0,28541184.0,ATN
University of Technology Sydney,2024,170.0,196.0,285.0,285.0,50387.0,17059368.0,30025624.0,ATN
University of Technology Sydney,2025,,,,,,18500818.0,29772808.0,ATN
University of Technology Sydney,2026,,,,,,19544441.0,30802094.0,ATN
University of Wollongong,2017,,,,,,14117432.0,22680303.0,non-aligned
University of Wollongong,2018,,,,,,13744241.0,22740798.0,non-aligned
University of Wollongong,2019,,,,,,14853389.0,22840259.0,non-aligned
University of Wollongong,2020,121.0,130.0,159.0,136.0,33364.0,15737306.0,23692889.0,non-aligned
University of Wollongong,2021,149.0,148.0,132.0,175.0,32025.0,32008608.0,24183666.0,non-aligned
University of Wollongong,2022,133.0,130.0,145.0,218.0,31120.0,14169578.0,22728971.0,non-aligned
University of Wollongong,2023,126.0,115.0,107.0,107.0,34081.0,13156239.0,23545862.0,non-aligned
University of Wollongong,2024,106.0,138.0,126.0,179.0,34942.0,15067895.0,25561863.0,non-aligned
University of Wollongong,2025,,,,,,16803605.0,25039111.0,non-aligned
University of Wollongong,2026,,,,,,14846399.0,23532462.0,non-aligned
University of the Sunshine Coast,2017,,,,,,2726377.0,2428891.0,RUN
University of the Sunshine Coast,2018,,,,,,3222366.0,2776828.0,RUN
University of the Sunshine Coast,2019,,,,,,3960627.0,3112889.0,RUN
University of the Sunshine Coast,2020,30.0,13.0,65.0,18.0,18165.0,4685235.0,3739106.0,RUN
University of the Sunshine Coast,2021,45.0,24.0,78.0,25.0,18298.0,11751441.0,4597473.0,RUN
University of the Sunshine Coast,2022,40.0,12.0,87.0,36.0,17479.0,5170986.0,6211468.0,RUN
University of the Sunshine Coast,2023,58.0,11.0,102.0,34.0,17987.0,4444535.0,5545472.0,RUN
University of the Sunshine Coast,2024,49.0,14.0,82.0,20.0,18871.0,5426370.0,6488994.0,RUN
University of the Sunshine Coast,2025,,,,,,6328710.0,7120267.0,RUN
University of the Sunshine Coast,2026,,,,,,7722557.0,7850812.0,RUN
Victoria University,2017,,,,,,4393997.0,7310502.0,non-aligned
Victoria University,2018,,,,,,4246011.0,7478587.0,non-aligned
Victoria University,2019,,,,,,4033710.0,7474404.0,non-aligned
Victoria University,2020,64.0,61.0,311.0,41.0,28499.0,3901001.0,7496506.0,non-aligned
Victoria University,2021,79.0,37.0,76.0,45.0,28289.0,7304456.0,7385389.0,non-aligned
Victoria University,2022,75.0,24.0,58.0,25.0,29776.0,3046763.0,6504162.0,non-aligned
Victoria University,2023,44.0,45.0,49.0,30.0,33292.0,3734364.0,6635317.0,non-aligned
Victoria University,2024,58.0,41.0,63.0,33.0,34635.0,5038730.0,6499964.0,non-aligned
Victoria University,2025,,,,,,4280600.0,5393811.0,non-aligned
Victoria University,2026,,,,,,3054189.0,5200433.0,non-aligned
Western Sydney University,2017,,,,,,7625168.0,10633202.0,IRU
Western Sydney University,2018,,,,,,7485964.0,10865765.0,IRU
Western Sydney University,2019,,,,,,8039274.0,11134979.0,IRU
Western Sydney University,2020,154.0,89.0,202.0,78.0,49053.0,8182221.0,11745665.0,IRU
Western Sydney University,2021,163.0,72.0,141.0,76.0,48646.0,17594263.0,12467369.0,IRU
Western Sydney University,2022,125.0,90.0,149.0,116.0,46880.0,8170072.0,14151147.0,IRU
Western Sydney University,2023,174.0,115.0,149.0,226.0,46609.0,8348080.0,15943858.0,IRU
Western Sydney University,2024,140.0,119.0,164.0,155.0,47895.0,9426042.0,16496385.0,IRU
Western Sydney University,2025,,,,,,9158067.0,16317306.0,IRU
Western Sydney University,2026,,,,,,10092312.0,17915905.0,IRU
