,coh,fund,rtp,hdrc,enr,go8,lh,pred_ratio
Australian Catholic University,non-aligned,5272376.0,3054420.0,43.5,32281.0,0.0,3.7727609380946383,0.799485198107772
Bond University,non-aligned,2718945.0,1839820.0,23.5,5717.0,0.0,3.1570004211501135,0.893059552108908
Central Queensland University,RUN,9323483.0,4773010.0,53.0,21909.0,0.0,3.970291913552122,1.0247787797116277
Charles Darwin University,non-aligned,23248699.0,10392998.0,44.5,13011.0,0.0,3.7954891891721947,2.659023400289533
Charles Sturt University,RUN,9824948.0,5538247.0,61.5,34780.0,0.0,4.119037174812473,1.0242762817516438
Curtin University,ATN,55718160.0,31000387.0,319.0,52137.0,0.0,5.765191102784844,1.0998976082292813
Deakin University,ATN,59605858.0,32814481.0,328.0,57591.0,0.0,5.793013608384144,1.1322212013331696
Edith Cowan University,non-aligned,12746186.0,8413791.0,126.0,29718.0,0.0,4.836281906951478,0.757891240271177
Federation University Australia,RUN,4108597.0,2795801.0,40.0,13210.0,0.0,3.6888794541139363,0.7960245251820544
Flinders University,IRU,43820342.0,21291217.0,140.0,26449.0,0.0,4.941642422609304,1.7255237179426972
Griffith University,IRU,49463699.0,29973475.0,346.0,45521.0,0.0,5.846438775057725,0.9802367914898037
James Cook University,IRU,23534655.0,13332946.0,123.0,20360.0,0.0,4.812184355372417,1.2303767281655245
La Trobe University,IRU,38778347.0,22110470.0,251.5,36174.0,0.0,5.527442989539794,0.9957388979531993
Macquarie University,non-aligned,54103843.0,33475332.0,504.0,44217.0,0.0,6.222576268071369,0.7507138802251707
Monash University,Go8,261366549.0,135257526.0,1000.0,84196.0,1.0,6.907755278982137,0.9897760253765705
Murdoch University,IRU,20876127.0,12683975.0,151.0,24105.0,0.0,5.017279836814924,0.9528584645003589
Queensland University of Technology,non-aligned,55800954.0,33086088.0,401.5,52127.0,0.0,5.995207533386816,0.9320433322002194
Royal Melbourne Institute of Technology,ATN,51357282.0,32798728.0,412.0,73327.0,0.0,6.021023349349527,0.9003313930656707
Southern Cross University,RUN,10061450.0,5075362.0,64.5,17245.0,0.0,4.1666652238017265,0.8948807903234827
Swinburne University of Technology,non-aligned,28087335.0,19246854.0,260.5,45327.0,0.0,5.5626028611934215,0.8367422856360637
The Australian National University,Go8,134666685.0,62363474.0,384.0,24251.0,1.0,5.950642552587727,1.1918488674919012
The University of Adelaide,Go8,98048131.0,51817206.0,414.0,30174.0,1.0,6.025865973825314,0.9183279156689366
The University of Melbourne,Go8,248154772.0,121170874.0,793.5,72244.0,1.0,6.676453539966464,1.1182220872673614
The University of Notre Dame Australia,non-aligned,2703065.0,1727823.0,39.5,11381.0,0.0,3.676300671907076,0.4981942636805798
The University of Queensland,Go8,195177470.0,103800648.0,773.5,55412.0,1.0,6.6509256700131205,0.9827651628143801
The University of Sydney,Go8,200062494.0,104725797.0,881.5,76088.0,1.0,6.7816250018379245,0.8697033251006797
The University of Western Australia,Go8,92906334.0,47625285.0,359.0,27081.0,1.0,5.883322388488279,0.9737622518054728
University of Canberra,IRU,9583071.0,5405457.0,63.0,17147.0,0.0,4.143134726391533,0.9758439904751743
University of New England,RUN,19376328.0,10316412.0,93.0,20123.0,0.0,4.532599493153256,1.2601637515739277
University of New South Wales,Go8,213248431.0,109174410.0,806.0,70342.0,1.0,6.692083742506628,0.9918413511137022
University of Newcastle,ATN,54465752.0,29122866.0,249.0,34119.0,0.0,5.517452896464707,1.3247479759652503
University of South Australia,ATN,32998039.0,17109544.0,169.5,34580.0,0.0,5.1328529268205045,1.1446380187986063
University of Southern Queensland,RUN,16850361.0,10347440.0,132.5,21282.0,0.0,4.886582645426277,0.8862112022680281
University of Tasmania,non-aligned,53578262.0,28627334.0,250.5,31513.0,0.0,5.523458920524919,1.2943861337859355
University of Technology Sydney,ATN,48273626.0,29772808.0,360.5,47777.0,0.0,5.887491956725004,0.93439618853595
University of Wollongong,non-aligned,41842716.0,25039111.0,252.0,34081.0,0.0,5.529429087511423,1.1253853716422821
University of the Sunshine Coast,RUN,13448977.0,7120267.0,60.5,17987.0,0.0,4.102643365036796,1.3386966249994112
Victoria University,non-aligned,9674411.0,5393811.0,94.0,33292.0,0.0,4.543294782270004,0.6518312751283475
Western Sydney University,IRU,25475373.0,16317306.0,252.0,46609.0,0.0,5.529429087511423,0.7333829654339895
